{
    "red_bathroom": {
        "pose": [
            0.057076677910625206,
            0.02913764256352966
        ],
        "embedding": [
            0.2581988897471611,
            0.2581988897471611,
            0.0,
            0.2581988897471611,
            0.2581988897471611,
            0.0,
            0.0,
            0.2581988897471611,
            0.0,
            0.0,
            0.0,
            0.0,
            0.2581988897471611,
            0.0,
            0.5163977794943222,
            0.0,
            0.0,
            0.5163977794943222,
            0.0,
            0.2581988897471611,
            0.0,
            0.0,
            0.0,
            0.0,
            0.0,
            0.0
        ]
    },
    "teal_meeting_room": {
        "pose": [
            3.043230381345435,
            -1.0875933334843333
        ],
        "embedding": [
            0.19245008972987526,
            0.0,
            0.0,
            0.0,
            0.5773502691896257,
            0.0,
            0.19245008972987526,
            0.0,
            0.19245008972987526,
            0.0,
            0.0,
            0.19245008972987526,
            0.3849001794597505,
            0.19245008972987526,
            0.3849001794597505,
            0.0,
            0.0,
            0.19245008972987526,
            0.0,
            0.3849001794597505,
            0.0,
            0.0,
            0.0,
            0.0,
            0.0,
            0.0
        ]
    },
    "blue_shelf": {
        "pose": [
            3.217817318878248,
            1.5080443976809335
        ],
        "embedding": [
            0.0,
            0.2773500981126146,
            0.0,
            0.0,
            0.5547001962252291,
            0.2773500981126146,
            0.0,
            0.2773500981126146,
            0.0,
            0.0,
            0.0,
            0.5547001962252291,
            0.0,
            0.0,
            0.0,
            0.0,
            0.0,
            0.0,
            0.2773500981126146,
            0.0,
            0.2773500981126146,
            0.0,
            0.0,
            0.0,
            0.0,
            0.0
        ]
    },
    "green_cubicle": {
        "pose": [
            1.0738652516324392,
            1.9777770814228066
        ],
        "embedding": [
            0.0,
            0.22360679774997896,
            0.4472135954999579,
            0.0,
            0.6708203932499369,
            0.0,
            0.22360679774997896,
            0.0,
            0.22360679774997896,
            0.0,
            0.0,
            0.22360679774997896,
            0.0,
            0.22360679774997896,
            0.0,
            0.0,
            0.0,
            0.22360679774997896,
            0.0,
            0.0,
            0.22360679774997896,
            0.0,
            0.0,
            0.0,
            0.0,
            0.0
        ]
    }
}