{
    "red_bathroom": {
        "pose": [
            0.9669687319846019,
            0.12685056565157082
        ],
        "embedding": [
            0.2581988897471611,
            0.2581988897471611,
            0.0,
            0.2581988897471611,
            0.2581988897471611,
            0.0,
            0.0,
            0.2581988897471611,
            0.0,
            0.0,
            0.0,
            0.0,
            0.2581988897471611,
            0.0,
            0.5163977794943222,
            0.0,
            0.0,
            0.5163977794943222,
            0.0,
            0.2581988897471611,
            0.0,
            0.0,
            0.0,
            0.0,
            0.0,
            0.0
        ]
    },
    "teal_meeting_room": {
        "pose": [
            3.037821387235815,
            -0.7536153058748329
        ],
        "embedding": [
            0.19245008972987526,
            0.0,
            0.0,
            0.0,
            0.5773502691896257,
            0.0,
            0.19245008972987526,
            0.0,
            0.19245008972987526,
            0.0,
            0.0,
            0.19245008972987526,
            0.3849001794597505,
            0.19245008972987526,
            0.3849001794597505,
            0.0,
            0.0,
            0.19245008972987526,
            0.0,
            0.3849001794597505,
            0.0,
            0.0,
            0.0,
            0.0,
            0.0,
            0.0
        ]
    },
    "blue_shelf": {
        "pose": [
            3.2555621442946516,
            1.5419719151886468
        ],
        "embedding": [
            0.0,
            0.2773500981126146,
            0.0,
            0.0,
            0.5547001962252291,
            0.2773500981126146,
            0.0,
            0.2773500981126146,
            0.0,
            0.0,
            0.0,
            0.5547001962252291,
            0.0,
            0.0,
            0.0,
            0.0,
            0.0,
            0.0,
            0.2773500981126146,
            0.0,
            0.2773500981126146,
            0.0,
            0.0,
            0.0,
            0.0,
            0.0
        ]
    },
    "green_cubicle": {
        "pose": [
            1.0383667185457413,
            1.6990259595342816
        ],
        "embedding": [
            0.0,
            0.22360679774997896,
            0.4472135954999579,
            0.0,
            0.6708203932499369,
            0.0,
            0.22360679774997896,
            0.0,
            0.22360679774997896,
            0.0,
            0.0,
            0.22360679774997896,
            0.0,
            0.22360679774997896,
            0.0,
            0.0,
            0.0,
            0.22360679774997896,
            0.0,
            0.0,
            0.22360679774997896,
            0.0,
            0.0,
            0.0,
            0.0,
            0.0
        ]
    }
}